english,french,set,notes
Thank you for having me.,Merci pour votre accueil.,01 First dinner,
"This is delicious, did you make it yourself?","C'est délicieux, c'est vous qui l'avez fait ?",01 First dinner,
Cheers! To your health!,Santé ! À la vôtre !,01 First dinner,
"Sorry, could you speak a little more slowly?","Pardon, vous pouvez parler un peu plus lentement ?",01 First dinner,
"I'm learning French, but it's still hard.","J'apprends le français, mais c'est encore difficile.",01 First dinner,
What do you recommend?,Qu'est-ce que vous me conseillez ?,01 First dinner,
"I'd like the dish of the day, please.","Je voudrais le plat du jour, s'il vous plaît.",01 First dinner,
"Could we have the bill, please?","L'addition, s'il vous plaît.",01 First dinner,
What are you doing this weekend?,Qu'est-ce que vous faites ce week-end ?,01 First dinner,
How was your massage?,"Comment c'était, ton massage ?",02 Marie,tu
I was making animations tonight.,,02 Marie,
I will play football tomorrow night.,,02 Marie,
I need to exchange the ball at the shop.,,02 Marie,
It's my girlfriend's birthday soon.,,02 Marie,
The curry was tast.,,02 Marie,
How was your first day at work?,,02 Marie,
We have been tidying the apartment.,,02 Marie,
I saw a rainbow earlier today.,,02 Marie,
Going to sleep can be difficult so I read a book beforehand,,02 Marie,
